{
    "objs": [
        {
            "transform": [
                1.4137,
                0,
                0,
                0,
                0,
                1,
                0,
                0,
                0,
                0,
                2.1541,
                0,
                -7.61,
                1.18,
                -7.060001,
                1
            ],
            "id": 1,
            "tag": "Item_16",
            "mass": 1,
            "name": "Item_16",
            "position": [
                7.61,
                1.18,
                -7.060001
            ],
            "eulerAngle": [
                0,
                0,
                0
            ]
        },
        {
            "transform": [
                -6.745282e-8,
                0,
                0.5658354,
                0,
                0,
                0.5658352,
                0,
                0,
                -0.5658354,
                0,
                -6.745282e-8,
                0,
                -7.21,
                -0.66,
                -7.02,
                1
            ],
            "id": 4,
            "tag": "Character",
            "mass": 1,
            "name": "Character",
            "position": [
                7.21,
                -0.66,
                -7.02
            ],
            "eulerAngle": [
                0,
                90,
                0
            ]
        },
        {
            "transform": [
                5.2809,
                0,
                0,
                0,
                0,
                1,
                0,
                0,
                0,
                0,
                6.6754,
                0,
                -9.8,
                -1,
                -7.8,
                1
            ],
            "id": 35,
            "tag": "Plane_0",
            "mass": 1,
            "name": "Plane_0",
            "position": [
                9.8,
                -1,
                -7.8
            ],
            "eulerAngle": [
                0,
                0,
                0
            ]
        },
        {
            "transform": [
                0.7781445,
                -1.490116e-8,
                -0.6280853,
                0,
                0.2674106,
                0.9048383,
                0.3312992,
                0,
                0.5683156,
                -0.4257554,
                0.704095,
                0,
                -23.16,
                18.85,
                -26.12,
                1
            ],
            "id": 40,
            "tag": "Camera",
            "mass": 1,
            "name": "Camera",
            "position": [
                23.16,
                18.85,
                -26.12
            ],
            "eulerAngle": [
                25.19848,
                321.091,
                9.435647e-7
            ]
        }
    ],
    "astar": null,
    "levelInfo": null,
    "astarObjs": null
}