{"0":[[2,0,0,9.4,0,0,0],[2,0,0,7.52,0,0,0],[2,0,0,5.78,0,0,0],[2,0,0,3.97,0,0,0],[2,0,0,2.18,0,0,0],[3,0,0,13.51,0,0,0],[3,0,0,15.51,0,0,0],[3,0,0,18.63,0,0,0],[3,0,0,20.63,0,0,0],[1,0,0,25.98,0,0,0],[1,0,0,27.23,0,0,0],[1,0,0,29.23,0,0,0],[1,0,0,30.23,0,0,0],[3,0,0,34.92,0,0,0],[3,0,0,35.92,0,0,0],[3,0,0,36.92,0,0,0]],"1":[[1,0,0,6.07,0,0,0],[1,0,0,4.07,0,0,0],[1,0,0,3.07,0,0,0],[1,0,0,1.82,0,0,0],[3,0,0,17.96,0,0,0],[3,0,0,19.96,0,0,0],[2,0,0,13.36,0,0,0],[2,0,0,12.27,0,0,0],[1,0,0,8.69,0,0,0],[1,0,0,9.94,0,0,0],[3,0,0,22.29,0,0,0],[3,0,0,23.29,0,0,0],[3,0,0,24.29,0,0,0],[3,0,0,26.39,0,0,0],[3,0,0,27.39,0,0,0],[1,0,0,32.98,0,0,0],[1,0,0,36.23,0,0,0],[1,0,0,37.23,0,0,0]],"2":[[2,0,0,7.4,0,0,0],[2,0,0,5.31,0,0,0],[2,0,0,50.04,0,0,0],[3,0,0,45.84,0,0,0],[1,0,0,47.97,0,0,0],[2,1.089,0,12.505,0,-330,0],[2,0.19,0,10.39,0,-344.822,0],[2,1.03,0,21.59,0,-27.885,0],[2,0.187,0,23.537,0,-15.82178,0],[1,2.597,0,16.162,0,-350,0],[1,2.48,0,18.23,0,-10,0],[3,0,0,26.947,0,0,0],[3,0,0,29.21,0,0,0],[3,0,0,31.41,0,0,0],[3,0,0,33.3,0,0,0],[3,0,0,39.1,0,0,0],[3,0,0,41.1,0,0,0],[3,0,0,40.1,0,0,0]],"3":[[2,0,0,7.4,0,0,0],[2,0,0,5.31,0,0,0],[2,0,0,6.31,0,0,0],[2,0,0,46.49,0,0,0],[2,0,0,52.52,0,0,0],[3,0,0,48.53,0,0,0],[1,0,0,50.49,0,0,0],[1,0,0,40.81593,0,0,0],[1,0,0,41.81593,0,0,0],[1,0,0,30.343,0,0,0],[1,0,0,31.343,0,0,0],[1,0,0,29.093,0,0,0],[3,0,0,34.673,0,0,0],[3,0,0,36.673,0,0,0],[3,0,0,35.673,0,0,0],[1,0,0,18.75,0,0,0],[1,0,0,17.5,0,0,0],[3,0,0,15.28,0,0,0],[3,0,0,13.28,0,0,0],[3,0,0,22.95,0,0,0],[3,0,0,20.95,0,0,0],[1,0,0,11.47,0,0,0],[1,0,0,10.22,0,0,0],[1,0,0,26.4,0,0,0],[1,0,0,25.15,0,0,0]],"4":[[3,16.98,0,12.52,0,-270,0],[3,17.967,0,12.52,0,-270,0],[3,18.967,0,12.52,0,-270,0],[3,8.66,0,12.52,0,-270,0],[3,7.66,0,12.52,0,-270,0],[3,6.66,0,12.52,0,-270,0],[2,14.3,0,12.52,0,-270,0],[2,13,0,12.52,0,-270,0],[2,25,0,17.56,0,0,0],[2,25,0,22.5,0,0,0],[3,25,0,19.27,0,0,0],[1,25,0,20.98,0,0,0],[2,0,0,7.4,0,0,0],[2,0,0,5.31,0,0,0],[2,0,0,6.31,0,0,0],[3,5.57,0,12.52,0,-270,0]],"5":[[3,-14.05,0,10.27,0,0,0],[3,-14.05,0,13.43,0,0,0],[3,-14.05,0,11.365,0,0,0],[3,-14.05,0,22.24,0,0,0],[3,-14.05,0,23.24,0,0,0],[3,-14.05,0,24.24,0,0,0],[2,-14.05,0,15.83,0,0,0],[2,-14.05,0,16.83,0,0,0],[2,-6.917643,0,9.728811,0,-173.1536,0],[1,-2.678102,0,12.41534,0,-79.54987,0],[1,-5.860856,0,11.60699,0,-138.4701,0],[1,-13.886,0,8.156,0,-15,0],[1,-7.197411,0,8.070284,0,-153.4801,0],[1,-13.41945,0,6.969448,0,-40.71175,0],[3,-4.8,0,12.23,0,-95.0,0],[1,-10.21827,0,5.454792,0,-89.99519,0],[2,-7.903913,0,6.701128,0,-130.4244,0],[3,-11.56,0,5.63,0,-74.50345,0],[2,-9.83,0,30.49,0,-270,0],[2,-4.18,0,30.49,0,-270,0],[3,-8.17,0,30.49,0,-270,0],[1,-6.21,0,30.49,0,-270,0],[2,0,0,7.4,0,0,0],[2,0,0,5.31,0,0,0],[2,0,0,6.31,0,0,0]],"6":[[3,0,0,10.13,0,0,0],[3,0,0,11.13,0,0,0],[3,0,0,12.13,0,0,0],[3,0,0,14.76,0,0,0],[3,0,0,16.76,0,0,0],[3,0,0,15.76,0,0,0],[3,0,0,20.86,0,0,0],[3,0,0,22.86,0,0,0],[3,0,0,21.86,0,0,0],[1,0,0,36.50999,0,0,0],[1,0,0,35.26,0,0,0],[3,0,0,33.04,0,0,0],[3,0,0,31.04,0,0,0],[3,0,0,38.71,0,0,0],[1,0,0,29.23,0,0,0],[1,0,0,27.98,0,0,0],[1,0,0,44.16,0,0,0],[2,0,0,46.49,0,0,0],[2,0,0,52.52,0,0,0],[3,0,0,48.53,0,0,0],[1,0,0,50.49,0,0,0],[2,0,0,7.4,0,0,0],[2,0,0,5.31,0,0,0],[2,0,0,6.31,0,0,0]],"7":[[2,0,0,7.4,0,0,0],[2,0,0,5.31,0,0,0],[2,0,0,6.31,0,0,0],[2,-23.08,0,30.51,0,-270,0],[2,-17.05,0,30.51,0,-270,0],[3,-21.04,0,30.51,0,-270,0],[1,-19.08,0,30.51,0,-270,0],[1,-28.08,0,22.27593,0,0,0],[1,-28.08,0,23.27593,0,0,0],[1,-28.08,0,24.27593,0,0,0],[1,-28.08,0,11.803,0,0,0],[1,-28.08,0,12.803,0,0,0],[1,-28.08,0,10.553,0,0,0],[3,-28.08,0,16.13301,0,0,0],[3,-28.08,0,18.133,0,0,0],[3,-28.08,0,17.133,0,0,0],[1,-19.21847,0,12.12654,0,-130.075,0],[1,-20.99054,0,9.661932,0,-170.3598,0],[1,-20.61,0,10.86525,0,-162.2055,0],[1,-16.11364,0,12.22429,0,-70.54533,0],[2,-6.678913,0,10.49481,0,-156.8519,0],[1,-2.272132,0,12.23717,0,-78.71884,0],[1,-5.217729,0,11.99559,0,-124.9889,0],[1,-21.34,0,7.978,0,-167.1981,0],[1,-21.65531,0,7.009344,0,-144.213,0],[1,-7.123527,0,8.536394,0,-167.4586,0],[3,-3.94,0,12.43,0,-95.0,0],[1,-18.02,0,12.53,0,-95.0,0],[1,-13.7,0,7.51,0,-15,0],[1,-12.62,0,6.07,0,-65,0],[1,-27.84,0,7.77,0,-25,0],[1,-9.203632,0,5.6966,0,-103.0905,0],[1,-26.94,0,6.37,0,-55,0],[1,-24.35,0,5.5,0,-95.0,0],[1,-25.95,0,5.80,0,-69.99999,0],[2,-7.734819,0,6.862093,0,-136.0283,0],[3,-10.54,0,5.51,0,-95.0,0],[1,-14.19,0,9.969999,0,-15,0],[3,-15.006,0,11.349,0,-32.23476,0],[2,-22.70839,0,6.08814,0,-125.668,0]],"8":[[2,0,0,7.4,0,0,0],[2,0,0,5.31,0,0,0],[2,0,0,6.31,0,0,0],[2,23,0,44.55,0,-270,0],[2,29.03,0,44.55,0,-270,0],[3,25.04,0,44.55,0,-270,0],[1,27,0,44.55,0,-270,0],[1,16.78593,0,44.55,0,-270,0],[1,17.78593,0,44.55,0,-270,0],[1,18.78593,0,44.55,0,-270,0],[1,6.313002,0,44.55,0,-270,0],[1,7.313002,0,44.55,0,-270,0],[1,5.063002,0,44.55,0,-270,0],[3,10.643,0,44.55,0,-270,0],[3,12.643,0,44.55,0,-270,0],[3,11.643,0,44.55,0,-270,0],[3,0,0,10.933,0,0,0],[3,0,0,12.933,0,0,0],[3,0,0,11.933,0,0,0],[3,0,0,22.24,0,0,0],[3,0,0,23.24,0,0,0],[3,0,0,24.24,0,0,0],[2,0,0,15.83,0,0,0],[2,0,0,16.83,0,0,0],[2,2.039999,0,37.86,0,-65.0,0],[1,0.2989998,0,42.52101,0,-355,0],[1,0.29,0,39.49,0,-35,0],[1,4.934674,0,30.87048,0,-296.1771,0],[1,4,0,37.42,0,-74.99999,0],[1,6.640756,0,32.4747,0,-344.6434,0],[3,-0.00829,0,40.84295,0,-2.470893,0],[2,5.67,0,36.8,0,-65.0,0],[3,6.81,0,35.26,0,-20,0],[2,0.37,0,28.49,0,-327.6755,0],[2,1.346315,0,29.69344,0,-306.2988,0],[3,2.59,0,30.39,0,-281.3423,0],[3,3.649737,0,44.56294,0,-268.9332,0]],"9":[[2,0,0,7.4,0,0,0],[2,0,0,5.31,0,0,0],[2,0,0,6.31,0,0,0],[2,-13.99,0,-19.94,0,-270,0],[3,-17.98,0,-19.94,0,-270,0],[1,-16.02,0,-19.94,0,-270,0],[1,-18.14388,0,2.596857,0,-191.4292,0],[1,-20.062,0,5.223,0,-245,0],[1,-23.43,0,6.07,0,-245,0],[1,-22.46338,0,12.43487,0,-105.7603,0],[1,-25.04479,0,8.596647,0,-195.3954,0],[1,-18.174,0,0.9389954,0,-175,0],[1,-24.90118,0,10.18571,0,-162.1129,0],[3,-4.88,0,12.51,0,-90,0],[3,-5.88,0,12.51,0,-90,0],[3,-6.88,0,12.51,0,-90,0],[3,-9.51,0,12.51,0,-90,0],[3,-11.51,0,12.51,0,-90,0],[3,-25.02,0,-10.15,0,-180,0],[3,-10.51,0,12.51,0,-90,0],[3,-17.61,0,12.51,0,-90,0],[3,-15.61,0,12.51,0,-90,0],[3,-25.02,0,-12.15,0,-180,0],[3,-16.61,0,12.51,0,-90,0],[1,-25.02,0,-13.96,0,-180,0],[1,-25.02,0,-15.21,0,-180,0],[1,-25.02,0,-6.179998,0,-180,0],[1,-25.02,0,-7.429998,0,-180,0]],"10":[[2,0,0,7.4,0,0,0],[2,0,0,5.31,0,0,0],[2,0,0,6.31,0,0,0],[2,7.02,0,30.28,0,-180,0],[3,7.02,0,34.27,0,-180,0],[1,7.02,0,32.31,0,-180,0],[2,8.022527,0,41.19413,0,-155.1018,0],[2,7.480031,0,40.14529,0,-161.6672,0],[2,7.163012,0,39.02706,0,-177.4412,0],[2,7.627508,0,51.41416,0,-204.985,0],[2,7.093909,0,53.00652,0,-191.2556,0],[2,6.877239,0,54.527,0,-181.7963,0],[1,9.594781,0,44.8568,0,-169.9347,0],[1,9.58308,0,47.06623,0,-199.8875,0],[3,-14.04,0,38.37,0,0,0],[3,-14.04,0,39.37,0,0,0],[3,-14.04,0,42,0,0,0],[3,-14.04,0,44,0,0,0],[3,-14.04,0,43,0,0,0],[3,-14.04,0,37.37,0,0,0],[3,-14.04,0,48.1,0,0,0],[3,-14.04,0,50.1,0,0,0],[3,-14.04,0,49.1,0,0,0],[3,0,0,12.56,0,0,0],[3,0,0,10.56,0,0,0],[3,0,0,19.933,0,0,0],[3,0,0,21.933,0,0,0],[3,0,0,20.933,0,0,0],[3,0,0,31.24,0,0,0],[3,0,0,32.24,0,0,0],[3,0,0,33.24,0,0,0],[2,0,0,24.83,0,0,0],[2,0,0,25.83,0,0,0],[2,0.3300056,0,55.47,0,-335,0],[1,4.730558,0,57.31288,0,-252.8252,0],[1,1.79,0,57.05,0,-305,0],[1,-6.680593,0,52.38479,0,-211.7316,0],[1,-0.1099968,0,53.51,0,-345,0],[1,-5.255045,0,50.95028,0,-250.7367,0],[3,-2.295909,0,50.67222,0,-288.7224,0],[3,3.052921,0,57.50768,0,-275.3247,0],[2,-0.539997,0,52.17,0,-335,0],[1,-6.670365,0,37.33541,0,-163.5703,0],[1,-2.133172,0,39.20571,0,-76.10378,0],[1,-3.841,0,39.29399,0,-95.0,0],[1,-7.657,0,34.115,0,-150.9009,0],[1,-13.88,0,35.07,0,-5.00,0],[1,-10.19,0,32.54,0,-95.0,0],[1,-11.78,0,32.67,0,-69.99999,0]],"map1":[[1,0,0,1.99,0,0,0],[1,0,0,12.71,0,0,0],[1,0,0,16.76,0,0,0],[1,0,0,5.32,0,0,0],[3,0,0,8.6,0,0,0],[3,7.01,0,3.87,0,-180,0],[3,7.01,0,0.15,0,-180,0],[3,7.01,0,16.3,0,180,0],[3,7.01,0,12.46,0,-180,0],[1,7.01,0,8.17,0,-180,0],[3,3.21,0,-4.16,0,-90,0],[1,3.67,0,20.79,0,-270,0]],